--
-- PostgreSQL database dump
--

\restrict g8i48QKes46HlKlhla7cQaUw3qK0wKAV9lAjpYrxZFRyGhNGqvmnlcWmuJKrKMA

-- Dumped from database version 14.20 (Homebrew)
-- Dumped by pg_dump version 14.20 (Homebrew)

SET statement_timeout = 0;
SET lock_timeout = 0;
SET idle_in_transaction_session_timeout = 0;
SET client_encoding = 'UTF8';
SET standard_conforming_strings = on;
SELECT pg_catalog.set_config('search_path', '', false);
SET check_function_bodies = false;
SET xmloption = content;
SET client_min_messages = warning;
SET row_security = off;

SET default_tablespace = '';

SET default_table_access_method = heap;

--
-- Name: categories; Type: TABLE; Schema: public; Owner: root
--

CREATE TABLE public.categories (
    id integer NOT NULL,
    date_created timestamp(6) without time zone,
    date_updated timestamp(6) without time zone,
    name character varying(255),
    price numeric(38,2)
);


ALTER TABLE public.categories OWNER TO root;

--
-- Name: categories_id_seq; Type: SEQUENCE; Schema: public; Owner: root
--

ALTER TABLE public.categories ALTER COLUMN id ADD GENERATED BY DEFAULT AS IDENTITY (
    SEQUENCE NAME public.categories_id_seq
    START WITH 1
    INCREMENT BY 1
    NO MINVALUE
    NO MAXVALUE
    CACHE 1
);


--
-- Name: order_products; Type: TABLE; Schema: public; Owner: root
--

CREATE TABLE public.order_products (
    id integer NOT NULL,
    price numeric(38,2),
    product_id integer,
    quantity numeric(38,2),
    order_entity_id integer,
    product_variant_id integer,
    delivery_type character varying(255) DEFAULT 'IMMEDIATE'::character varying,
    estimated_delivery_date date,
    delivery_note character varying(255)
);


ALTER TABLE public.order_products OWNER TO root;

--
-- Name: order_products_id_seq; Type: SEQUENCE; Schema: public; Owner: root
--

ALTER TABLE public.order_products ALTER COLUMN id ADD GENERATED BY DEFAULT AS IDENTITY (
    SEQUENCE NAME public.order_products_id_seq
    START WITH 1
    INCREMENT BY 1
    NO MINVALUE
    NO MAXVALUE
    CACHE 1
);


--
-- Name: orders; Type: TABLE; Schema: public; Owner: root
--

CREATE TABLE public.orders (
    id integer NOT NULL,
    date_created timestamp(6) without time zone,
    order_state character varying(255),
    user_entity_id integer,
    paid_at timestamp(6) without time zone,
    payment_method character varying(255),
    total numeric(38,2),
    sale_channel character varying(255) DEFAULT 'ONLINE'::character varying,
    order_number character varying(255),
    delivery_type character varying(255) DEFAULT 'IMMEDIATE'::character varying,
    estimated_delivery_date date,
    balance_due numeric(38,2) DEFAULT 0,
    balance_credit numeric(38,2) DEFAULT 0,
    actual_delivery_date date,
    CONSTRAINT orders_order_state_check CHECK (((order_state)::text = ANY ((ARRAY['PENDING'::character varying, 'COMPLETED'::character varying, 'CANCELLED'::character varying])::text[]))),
    CONSTRAINT orders_payment_method_check CHECK (((payment_method)::text = 'TRANSFERENCIA'::text))
);


ALTER TABLE public.orders OWNER TO root;

--
-- Name: orders_id_seq; Type: SEQUENCE; Schema: public; Owner: root
--

ALTER TABLE public.orders ALTER COLUMN id ADD GENERATED BY DEFAULT AS IDENTITY (
    SEQUENCE NAME public.orders_id_seq
    START WITH 1
    INCREMENT BY 1
    NO MINVALUE
    NO MAXVALUE
    CACHE 1
);


--
-- Name: product_images; Type: TABLE; Schema: public; Owner: marce
--

CREATE TABLE public.product_images (
    product_id integer NOT NULL,
    image_url character varying(255)
);


ALTER TABLE public.product_images OWNER TO marce;

--
-- Name: product_variants; Type: TABLE; Schema: public; Owner: marce
--

CREATE TABLE public.product_variants (
    id integer NOT NULL,
    active boolean,
    color character varying(255),
    gsm numeric(38,2),
    material character varying(255),
    size character varying(255),
    sku character varying(255),
    stock_current integer,
    stock_minimum integer,
    usage character varying(255),
    product_entity_id integer,
    price_retail numeric(38,2),
    price_wholesale numeric(38,2),
    sell_online boolean DEFAULT true,
    delivery_type character varying(255) DEFAULT 'IMMEDIATE'::character varying,
    estimated_delivery_days integer,
    estimated_delivery_date date,
    delivery_note character varying(255)
);


ALTER TABLE public.product_variants OWNER TO marce;

--
-- Name: product_variants_id_seq; Type: SEQUENCE; Schema: public; Owner: marce
--

ALTER TABLE public.product_variants ALTER COLUMN id ADD GENERATED BY DEFAULT AS IDENTITY (
    SEQUENCE NAME public.product_variants_id_seq
    START WITH 1
    INCREMENT BY 1
    NO MINVALUE
    NO MAXVALUE
    CACHE 1
);


--
-- Name: products; Type: TABLE; Schema: public; Owner: root
--

CREATE TABLE public.products (
    id integer NOT NULL,
    code character varying(255),
    date_created timestamp(6) without time zone,
    date_updated timestamp(6) without time zone,
    description character varying(255),
    name character varying(255),
    price numeric(38,2),
    public_id character varying(255),
    url_image character varying(255),
    category_entity_id integer,
    user_entity_id integer,
    active boolean,
    brand character varying(255),
    slug character varying(255),
    price_override boolean DEFAULT false NOT NULL,
    sell_online boolean DEFAULT true,
    delivery_type character varying(255) DEFAULT 'IMMEDIATE'::character varying,
    estimated_delivery_days integer,
    estimated_delivery_date date,
    delivery_note character varying(255)
);


ALTER TABLE public.products OWNER TO root;

--
-- Name: products_id_seq; Type: SEQUENCE; Schema: public; Owner: root
--

ALTER TABLE public.products ALTER COLUMN id ADD GENERATED BY DEFAULT AS IDENTITY (
    SEQUENCE NAME public.products_id_seq
    START WITH 1
    INCREMENT BY 1
    NO MINVALUE
    NO MAXVALUE
    CACHE 1
);


--
-- Name: shipments; Type: TABLE; Schema: public; Owner: marce
--

CREATE TABLE public.shipments (
    id integer NOT NULL,
    carrier character varying(255),
    created_at timestamp(6) without time zone,
    created_by character varying(255),
    notes character varying(255),
    recipient_address character varying(255),
    recipient_name character varying(255),
    recipient_phone character varying(255),
    shipping_method character varying(255),
    status character varying(255),
    tracking_number character varying(255),
    updated_at timestamp(6) without time zone,
    updated_by character varying(255),
    order_id integer,
    CONSTRAINT shipments_status_check CHECK (((status)::text = ANY ((ARRAY['CREATED'::character varying, 'SHIPPED'::character varying, 'DELIVERED'::character varying])::text[])))
);


ALTER TABLE public.shipments OWNER TO marce;

--
-- Name: shipments_id_seq; Type: SEQUENCE; Schema: public; Owner: marce
--

ALTER TABLE public.shipments ALTER COLUMN id ADD GENERATED BY DEFAULT AS IDENTITY (
    SEQUENCE NAME public.shipments_id_seq
    START WITH 1
    INCREMENT BY 1
    NO MINVALUE
    NO MAXVALUE
    CACHE 1
);


--
-- Name: size_guides; Type: TABLE; Schema: public; Owner: marce
--

CREATE TABLE public.size_guides (
    id integer NOT NULL,
    description character varying(255),
    height_recommended_cm integer,
    size character varying(255),
    weight_recommended_kg integer
);


ALTER TABLE public.size_guides OWNER TO marce;

--
-- Name: size_guides_id_seq; Type: SEQUENCE; Schema: public; Owner: marce
--

ALTER TABLE public.size_guides ALTER COLUMN id ADD GENERATED BY DEFAULT AS IDENTITY (
    SEQUENCE NAME public.size_guides_id_seq
    START WITH 1
    INCREMENT BY 1
    NO MINVALUE
    NO MAXVALUE
    CACHE 1
);


--
-- Name: stock_movements; Type: TABLE; Schema: public; Owner: marce
--

CREATE TABLE public.stock_movements (
    id integer NOT NULL,
    created_at timestamp(6) without time zone,
    created_by character varying(255),
    note character varying(255),
    qty integer,
    reason character varying(255),
    type character varying(255),
    order_entity_id integer,
    variant_entity_id integer,
    sale_channel character varying(255),
    unit_price numeric(38,2),
    CONSTRAINT stock_movements_reason_check CHECK (((reason)::text = ANY ((ARRAY['SALE'::character varying, 'SALE_ONLINE'::character varying, 'SALE_WHOLESALE'::character varying, 'SALE_OFFLINE'::character varying, 'EXCHANGE_IN'::character varying, 'EXCHANGE_OUT'::character varying, 'ADJUST'::character varying, 'MANUAL_ADJUST'::character varying, 'RESTOCK'::character varying, 'CANCEL'::character varying, 'CORRECTION'::character varying, 'RETURN'::character varying, 'OTHER'::character varying])::text[]))),
    CONSTRAINT stock_movements_type_check CHECK (((type)::text = ANY ((ARRAY['IN'::character varying, 'OUT'::character varying, 'ADJUST'::character varying])::text[])))
);


ALTER TABLE public.stock_movements OWNER TO marce;

--
-- Name: stock_movements_id_seq; Type: SEQUENCE; Schema: public; Owner: marce
--

ALTER TABLE public.stock_movements ALTER COLUMN id ADD GENERATED BY DEFAULT AS IDENTITY (
    SEQUENCE NAME public.stock_movements_id_seq
    START WITH 1
    INCREMENT BY 1
    NO MINVALUE
    NO MAXVALUE
    CACHE 1
);


--
-- Name: stock_reservations; Type: TABLE; Schema: public; Owner: marce
--

CREATE TABLE public.stock_reservations (
    id integer NOT NULL,
    created_at timestamp(6) without time zone,
    expires_at timestamp(6) without time zone,
    qty integer,
    released_at timestamp(6) without time zone,
    status character varying(255),
    order_entity_id integer,
    variant_entity_id integer,
    CONSTRAINT stock_reservations_status_check CHECK (((status)::text = ANY ((ARRAY['ACTIVE'::character varying, 'RELEASED'::character varying, 'CONSUMED'::character varying])::text[])))
);


ALTER TABLE public.stock_reservations OWNER TO marce;

--
-- Name: stock_reservations_id_seq; Type: SEQUENCE; Schema: public; Owner: marce
--

ALTER TABLE public.stock_reservations ALTER COLUMN id ADD GENERATED BY DEFAULT AS IDENTITY (
    SEQUENCE NAME public.stock_reservations_id_seq
    START WITH 1
    INCREMENT BY 1
    NO MINVALUE
    NO MAXVALUE
    CACHE 1
);


--
-- Name: users; Type: TABLE; Schema: public; Owner: root
--

CREATE TABLE public.users (
    id integer NOT NULL,
    address character varying(255),
    cellphone character varying(255),
    date_created timestamp(6) without time zone,
    date_updated timestamp(6) without time zone,
    email character varying(255),
    first_name character varying(255),
    last_name character varying(255),
    password character varying(255),
    user_type character varying(255),
    username character varying(255),
    is_wholesale boolean DEFAULT false,
    wholesale_discount numeric(38,2),
    wholesale_price_list character varying(255),
    CONSTRAINT users_user_type_check CHECK (((user_type)::text = ANY ((ARRAY['ADMIN'::character varying, 'USER'::character varying])::text[])))
);


ALTER TABLE public.users OWNER TO root;

--
-- Name: users_id_seq; Type: SEQUENCE; Schema: public; Owner: root
--

ALTER TABLE public.users ALTER COLUMN id ADD GENERATED BY DEFAULT AS IDENTITY (
    SEQUENCE NAME public.users_id_seq
    START WITH 1
    INCREMENT BY 1
    NO MINVALUE
    NO MAXVALUE
    CACHE 1
);


--
-- Data for Name: categories; Type: TABLE DATA; Schema: public; Owner: root
--

COPY public.categories (id, date_created, date_updated, name, price) FROM stdin;
1	\N	2026-01-30 21:00:53.464782	kimonos	70000.00
3	\N	2026-01-30 21:01:08.135124	lycras	28000.00
2	\N	2026-01-31 21:31:33.725479	rashguard	50000.00
4	\N	2026-02-07 23:31:37.578948	remeras	15000.00
\.


--
-- Data for Name: order_products; Type: TABLE DATA; Schema: public; Owner: root
--

COPY public.order_products (id, price, product_id, quantity, order_entity_id, product_variant_id, delivery_type, estimated_delivery_date, delivery_note) FROM stdin;
1	40000.00	\N	2.00	8	1	IMMEDIATE	\N	\N
2	40000.00	\N	3.00	9	1	IMMEDIATE	\N	\N
3	40000.00	\N	2.00	10	1	IMMEDIATE	\N	\N
4	40000.00	\N	3.00	11	1	IMMEDIATE	\N	\N
6	60000.00	\N	2.00	13	2	IMMEDIATE	\N	\N
7	60000.00	\N	2.00	13	4	IMMEDIATE	\N	\N
8	25000.00	\N	2.00	13	6	IMMEDIATE	\N	\N
9	60000.00	\N	2.00	14	2	IMMEDIATE	\N	\N
10	60000.00	\N	2.00	14	4	IMMEDIATE	\N	\N
11	25000.00	\N	2.00	14	6	IMMEDIATE	\N	\N
12	60000.00	\N	1.00	15	4	IMMEDIATE	\N	\N
13	60000.00	\N	2.00	16	2	IMMEDIATE	\N	\N
14	28000.00	\N	1.00	17	6	IMMEDIATE	\N	\N
15	28000.00	\N	1.00	18	6	IMMEDIATE	\N	\N
16	28000.00	\N	1.00	19	6	IMMEDIATE	\N	\N
\.


--
-- Data for Name: orders; Type: TABLE DATA; Schema: public; Owner: root
--

COPY public.orders (id, date_created, order_state, user_entity_id, paid_at, payment_method, total, sale_channel, order_number, delivery_type, estimated_delivery_date, balance_due, balance_credit, actual_delivery_date) FROM stdin;
8	2026-01-27 12:09:30.54864	COMPLETED	7	2026-01-27 12:37:47.435806	TRANSFERENCIA	80000.00	ONLINE	\N	IMMEDIATE	\N	0.00	0.00	\N
9	2026-01-27 12:32:04.921309	COMPLETED	7	2026-01-27 12:37:54.112757	TRANSFERENCIA	120000.00	ONLINE	\N	IMMEDIATE	\N	0.00	0.00	\N
10	2026-01-27 12:46:42.240598	COMPLETED	7	2026-01-27 13:02:47.371829	TRANSFERENCIA	80000.00	ONLINE	\N	IMMEDIATE	\N	0.00	0.00	\N
11	2026-01-27 13:01:52.762574	COMPLETED	7	2026-01-27 13:02:54.029601	TRANSFERENCIA	120000.00	ONLINE	\N	IMMEDIATE	\N	0.00	0.00	\N
14	2026-01-28 01:11:14.435195	CANCELLED	7	\N	TRANSFERENCIA	290000.00	ONLINE	\N	IMMEDIATE	\N	0.00	0.00	\N
13	2026-01-28 01:10:33.957367	COMPLETED	7	2026-01-28 01:11:41.492003	TRANSFERENCIA	290000.00	ONLINE	\N	IMMEDIATE	\N	0.00	0.00	\N
15	2026-01-28 13:25:52.418072	COMPLETED	7	2026-01-28 13:28:41.635113	TRANSFERENCIA	60000.00	ONLINE	\N	IMMEDIATE	\N	0.00	0.00	\N
16	2026-01-28 13:56:28.777513	COMPLETED	7	2026-01-28 13:56:43.245819	TRANSFERENCIA	120000.00	ONLINE	\N	IMMEDIATE	\N	0.00	0.00	\N
18	2026-02-07 13:13:34.491286	CANCELLED	8	\N	TRANSFERENCIA	28000.00	ONLINE	WEB-000010	IMMEDIATE	\N	\N	\N	\N
17	2026-02-07 13:13:27.603492	CANCELLED	8	\N	TRANSFERENCIA	28000.00	ONLINE	WEB-000009	IMMEDIATE	\N	\N	\N	\N
19	2026-02-07 13:52:34.846376	COMPLETED	9	2026-02-07 14:09:20.181948	TRANSFERENCIA	28000.00	ONLINE	WEB-000011	IMMEDIATE	\N	\N	\N	2026-02-07
\.


--
-- Data for Name: product_images; Type: TABLE DATA; Schema: public; Owner: marce
--

COPY public.product_images (product_id, image_url) FROM stdin;
2	http://res.cloudinary.com/dkc3u2u1p/image/upload/v1770600808/valeijczsximg3eq0mje.png
\.


--
-- Data for Name: product_variants; Type: TABLE DATA; Schema: public; Owner: marce
--

COPY public.product_variants (id, active, color, gsm, material, size, sku, stock_current, stock_minimum, usage, product_entity_id, price_retail, price_wholesale, sell_online, delivery_type, estimated_delivery_days, estimated_delivery_date, delivery_note) FROM stdin;
4	t	azul	0.00	Ripstop	A1	LB-LC-SKUU003	2	1	entrenamiento	2	\N	\N	t	IMMEDIATE	\N	\N	\N
2	t	negro	0.00	Ripstop	A1	LB-LC-SKUU002	5	2	entrenamiento	2	\N	\N	t	IMMEDIATE	\N	\N	\N
1	t	verde	0.00	algodon	M	LB-LC-SKUU001	10	2	entrenamiento	1	\N	\N	t	IMMEDIATE	\N	\N	\N
6	t	negro rosa	0.00	algodon	S	LB-LC-SKUU004	7	2	entrenamiento	3	\N	\N	t	IMMEDIATE	\N	\N	\N
\.


--
-- Data for Name: products; Type: TABLE DATA; Schema: public; Owner: root
--

COPY public.products (id, code, date_created, date_updated, description, name, price, public_id, url_image, category_entity_id, user_entity_id, active, brand, slug, price_override, sell_online, delivery_type, estimated_delivery_days, estimated_delivery_date, delivery_note) FROM stdin;
3	001	\N	2026-01-30 21:01:08.14698	Lycra negra - rosa para mujer bjj	Lycra Negra - Rosa	28000.00	\N	http://res.cloudinary.com/dkc3u2u1p/image/upload/v1769564456/mjmtedaxhvz7ojrw6jds.png	3	3	t	LION'S BRAND	lycra-negra-rosa	f	t	IMMEDIATE	\N	\N	\N
1	001	\N	2026-01-31 21:31:33.755321	de color verde	la martina	50000.00	\N	http://res.cloudinary.com/dkc3u2u1p/image/upload/v1769494143/xom2avujlgmgbt6og8yb.png	2	3	t	LION'S BRAND	la-martina	f	t	IMMEDIATE	\N	\N	\N
2	001	\N	2026-02-08 22:33:28.356335	Kimono Negro para entrenar	Kimono Lions	70000.00	ofhtscdbyfoigw0fzwbw	http://res.cloudinary.com/dkc3u2u1p/image/upload/v1769555082/ofhtscdbyfoigw0fzwbw.png	1	3	t	LION'S BRAND	kimono-lions	f	t	IMMEDIATE	\N	\N	\N
\.


--
-- Data for Name: shipments; Type: TABLE DATA; Schema: public; Owner: marce
--

COPY public.shipments (id, carrier, created_at, created_by, notes, recipient_address, recipient_name, recipient_phone, shipping_method, status, tracking_number, updated_at, updated_by, order_id) FROM stdin;
1	andreani	2026-01-28 13:30:09.729939	admin:3	probando edicion de envio		eze	2	Correo	CREATED	123123123123	2026-01-28 22:59:12.987893	admin:3	15
2	andreani	2026-02-07 21:38:24.799635	admin:3	listo para enviar	Rawson 629	alejandro coluum	2966547021	Correo	DELIVERED	234-234234	2026-02-07 21:39:57.448718	admin:3	19
\.


--
-- Data for Name: size_guides; Type: TABLE DATA; Schema: public; Owner: marce
--

COPY public.size_guides (id, description, height_recommended_cm, size, weight_recommended_kg) FROM stdin;
\.


--
-- Data for Name: stock_movements; Type: TABLE DATA; Schema: public; Owner: marce
--

COPY public.stock_movements (id, created_at, created_by, note, qty, reason, type, order_entity_id, variant_entity_id, sale_channel, unit_price) FROM stdin;
1	2026-01-27 12:37:47.43027	admin	\N	2	SALE	OUT	8	1	\N	\N
2	2026-01-27 12:37:54.110348	admin	\N	3	SALE	OUT	9	1	\N	\N
3	2026-01-27 13:02:47.363457	admin	\N	2	SALE	OUT	10	1	\N	\N
4	2026-01-27 13:02:54.027857	admin	\N	3	SALE	OUT	11	1	\N	\N
5	2026-01-28 01:11:41.483288	admin	\N	2	SALE	OUT	13	2	\N	\N
6	2026-01-28 01:11:41.48896	admin	\N	2	SALE	OUT	13	4	\N	\N
7	2026-01-28 01:11:41.491326	admin	\N	2	SALE	OUT	13	6	\N	\N
9	2026-01-28 13:24:59.503288	admin:3	conte mal	1	CORRECTION	OUT	\N	2	\N	\N
10	2026-01-28 13:28:41.633422	admin	\N	1	SALE	OUT	15	4	\N	\N
11	2026-01-28 13:56:43.242493	admin	\N	2	SALE	OUT	16	2	\N	\N
12	2026-02-07 02:53:42.622217	admin:3	Ingreso	10	RESTOCK	IN	\N	1	\N	\N
21	2026-02-07 14:09:20.162202	admin	\N	1	SALE_ONLINE	OUT	19	6	ONLINE	28000.00
\.


--
-- Data for Name: stock_reservations; Type: TABLE DATA; Schema: public; Owner: marce
--

COPY public.stock_reservations (id, created_at, expires_at, qty, released_at, status, order_entity_id, variant_entity_id) FROM stdin;
1	2026-01-27 12:09:30.606716	2026-01-27 12:39:30.58773	2	2026-01-27 12:37:47.421545	CONSUMED	8	1
2	2026-01-27 12:32:04.951624	2026-01-27 13:02:04.939445	3	2026-01-27 12:37:54.107538	CONSUMED	9	1
3	2026-01-27 12:46:42.278186	2026-01-27 13:16:42.269056	2	2026-01-27 13:02:47.358	CONSUMED	10	1
4	2026-01-27 13:01:52.784201	2026-01-27 13:31:52.778851	3	2026-01-27 13:02:54.02518	CONSUMED	11	1
8	2026-01-28 01:11:14.450956	2026-01-28 01:41:14.44413	2	2026-01-28 01:11:39.462359	RELEASED	14	2
9	2026-01-28 01:11:14.457408	2026-01-28 01:41:14.44413	2	2026-01-28 01:11:39.462359	RELEASED	14	4
10	2026-01-28 01:11:14.465599	2026-01-28 01:41:14.44413	2	2026-01-28 01:11:39.462359	RELEASED	14	6
5	2026-01-28 01:10:33.984394	2026-01-28 01:40:33.972753	2	2026-01-28 01:11:41.451084	CONSUMED	13	2
6	2026-01-28 01:10:33.98902	2026-01-28 01:40:33.972753	2	2026-01-28 01:11:41.451084	CONSUMED	13	4
7	2026-01-28 01:10:33.992806	2026-01-28 01:40:33.972753	2	2026-01-28 01:11:41.451084	CONSUMED	13	6
11	2026-01-28 13:25:52.434691	2026-01-28 13:55:52.429954	1	2026-01-28 13:28:41.631669	CONSUMED	15	4
12	2026-01-28 13:56:28.828391	2026-01-28 14:26:28.816864	2	2026-01-28 13:56:43.23652	CONSUMED	16	2
14	2026-02-07 13:13:34.500891	2026-02-07 13:43:34.497971	1	2026-02-07 13:14:13.219365	RELEASED	18	6
13	2026-02-07 13:13:27.633025	2026-02-07 13:43:27.621491	1	2026-02-07 13:47:08.204253	RELEASED	17	6
15	2026-02-07 13:52:34.863795	2026-02-07 14:22:34.854839	1	2026-02-07 14:09:20.158328	CONSUMED	19	6
\.


--
-- Data for Name: users; Type: TABLE DATA; Schema: public; Owner: root
--

COPY public.users (id, address, cellphone, date_created, date_updated, email, first_name, last_name, password, user_type, username, is_wholesale, wholesale_discount, wholesale_price_list) FROM stdin;
1	linea parana 56 PR	3743568193	2025-11-26 13:43:06.914358	2025-11-26 13:43:06.914415	marce@gmail.com	Marcelo	Colum	marce	ADMIN	Marce	f	\N	\N
2	linea parana	3743568193	2025-11-26 14:23:15.851636	2025-11-26 14:23:15.851976	marcedev@gmail.com	marcelo alejandro	Colum	$2a$10$.eakaQKRr43.HBcQDnzQ9ufmFmoQnoR3XhwABHezgySbIosBWFr7q	ADMIN	marcelo	f	\N	\N
3	\N	\N	2026-01-26 21:50:08.988611	2026-01-26 21:50:08.988611	colummarcelo@gmail.com	Marcelo	Admin	$2a$10$ma5nRsGhiR/Ujdxx6dnV3u/d9Wl4Xcq7KSAt4GYYvncXOXahnM8IC	ADMIN	marce_admin	f	\N	\N
4	Padre lassberg 310	02966547041	2026-01-27 03:15:16.652638	2026-01-27 03:15:16.652646	tienda@fullimport.store	Marcelo	Colum	$2a$10$O7MjNOkyCFtfvs9/amd27OC3StNkQIwf5OfEGz6UJVhR9I773UI9O	USER	tienda@fullimport.store	f	\N	\N
6	Linea Parana 26	3743568193	2026-01-27 09:53:47.824743	2026-01-27 09:53:47.824752	marcelo.colum@gmail.com	Marcelo	Colum	$2a$10$s3yecmbsStOBJq8tS4oc0.LLpgFdDeL8YZ9lGUF1qisViJloTiBre	USER	marcelo.colum@gmail.com	f	\N	\N
7	Padre lassberg 310	02966547042	2026-01-27 11:38:05.087555	2026-01-27 11:38:05.087568	eze@gmail.com	eze	colum	$2a$10$cfeTBzFpLvLOlt4YM6fIh.3BU9e7Dqra8KG3uKq.eA06OH8Kh2biK	USER	eze@gmail.com	f	\N	\N
8	sarmiento 370	2966547042	2026-02-07 13:13:25.109252	2026-02-07 13:13:25.109279	ale@gmail.com	ale	colum	$2a$10$AsNmarRatac.JDzAGCKBuuhIsgSYLsO7s4FzdVQHrmyfQTm2JN.bK	USER	ale@gmail.com	f	\N	\N
9	rawson629	2966547021	2026-02-07 13:52:33.338657	2026-02-07 13:52:33.338735	alecol@gmail.com	alejandro	colum	$2a$10$eK9Vupj4rDesaFnc0DR/..Et95ksbRjI9Ebyea5PpS4PmUxZxEluS	USER	alecol@gmail.com	f	\N	\N
\.


--
-- Name: categories_id_seq; Type: SEQUENCE SET; Schema: public; Owner: root
--

SELECT pg_catalog.setval('public.categories_id_seq', 4, true);


--
-- Name: order_products_id_seq; Type: SEQUENCE SET; Schema: public; Owner: root
--

SELECT pg_catalog.setval('public.order_products_id_seq', 16, true);


--
-- Name: orders_id_seq; Type: SEQUENCE SET; Schema: public; Owner: root
--

SELECT pg_catalog.setval('public.orders_id_seq', 19, true);


--
-- Name: product_variants_id_seq; Type: SEQUENCE SET; Schema: public; Owner: marce
--

SELECT pg_catalog.setval('public.product_variants_id_seq', 6, true);


--
-- Name: products_id_seq; Type: SEQUENCE SET; Schema: public; Owner: root
--

SELECT pg_catalog.setval('public.products_id_seq', 3, true);


--
-- Name: shipments_id_seq; Type: SEQUENCE SET; Schema: public; Owner: marce
--

SELECT pg_catalog.setval('public.shipments_id_seq', 2, true);


--
-- Name: size_guides_id_seq; Type: SEQUENCE SET; Schema: public; Owner: marce
--

SELECT pg_catalog.setval('public.size_guides_id_seq', 1, false);


--
-- Name: stock_movements_id_seq; Type: SEQUENCE SET; Schema: public; Owner: marce
--

SELECT pg_catalog.setval('public.stock_movements_id_seq', 21, true);


--
-- Name: stock_reservations_id_seq; Type: SEQUENCE SET; Schema: public; Owner: marce
--

SELECT pg_catalog.setval('public.stock_reservations_id_seq', 15, true);


--
-- Name: users_id_seq; Type: SEQUENCE SET; Schema: public; Owner: root
--

SELECT pg_catalog.setval('public.users_id_seq', 9, true);


--
-- Name: categories categories_pkey; Type: CONSTRAINT; Schema: public; Owner: root
--

ALTER TABLE ONLY public.categories
    ADD CONSTRAINT categories_pkey PRIMARY KEY (id);


--
-- Name: order_products order_products_pkey; Type: CONSTRAINT; Schema: public; Owner: root
--

ALTER TABLE ONLY public.order_products
    ADD CONSTRAINT order_products_pkey PRIMARY KEY (id);


--
-- Name: orders orders_pkey; Type: CONSTRAINT; Schema: public; Owner: root
--

ALTER TABLE ONLY public.orders
    ADD CONSTRAINT orders_pkey PRIMARY KEY (id);


--
-- Name: product_variants product_variants_pkey; Type: CONSTRAINT; Schema: public; Owner: marce
--

ALTER TABLE ONLY public.product_variants
    ADD CONSTRAINT product_variants_pkey PRIMARY KEY (id);


--
-- Name: products products_pkey; Type: CONSTRAINT; Schema: public; Owner: root
--

ALTER TABLE ONLY public.products
    ADD CONSTRAINT products_pkey PRIMARY KEY (id);


--
-- Name: shipments shipments_pkey; Type: CONSTRAINT; Schema: public; Owner: marce
--

ALTER TABLE ONLY public.shipments
    ADD CONSTRAINT shipments_pkey PRIMARY KEY (id);


--
-- Name: size_guides size_guides_pkey; Type: CONSTRAINT; Schema: public; Owner: marce
--

ALTER TABLE ONLY public.size_guides
    ADD CONSTRAINT size_guides_pkey PRIMARY KEY (id);


--
-- Name: stock_movements stock_movements_pkey; Type: CONSTRAINT; Schema: public; Owner: marce
--

ALTER TABLE ONLY public.stock_movements
    ADD CONSTRAINT stock_movements_pkey PRIMARY KEY (id);


--
-- Name: stock_reservations stock_reservations_pkey; Type: CONSTRAINT; Schema: public; Owner: marce
--

ALTER TABLE ONLY public.stock_reservations
    ADD CONSTRAINT stock_reservations_pkey PRIMARY KEY (id);


--
-- Name: users uk6dotkott2kjsp8vw4d0m25fb7; Type: CONSTRAINT; Schema: public; Owner: root
--

ALTER TABLE ONLY public.users
    ADD CONSTRAINT uk6dotkott2kjsp8vw4d0m25fb7 UNIQUE (email);


--
-- Name: shipments ukhrhy2yghr8dampg1jtecuekvp; Type: CONSTRAINT; Schema: public; Owner: marce
--

ALTER TABLE ONLY public.shipments
    ADD CONSTRAINT ukhrhy2yghr8dampg1jtecuekvp UNIQUE (order_id);


--
-- Name: product_variants ukq935p2d1pbjm39n0063ghnfgn; Type: CONSTRAINT; Schema: public; Owner: marce
--

ALTER TABLE ONLY public.product_variants
    ADD CONSTRAINT ukq935p2d1pbjm39n0063ghnfgn UNIQUE (sku);


--
-- Name: users users_pkey; Type: CONSTRAINT; Schema: public; Owner: root
--

ALTER TABLE ONLY public.users
    ADD CONSTRAINT users_pkey PRIMARY KEY (id);


--
-- Name: uk_orders_order_number; Type: INDEX; Schema: public; Owner: root
--

CREATE UNIQUE INDEX uk_orders_order_number ON public.orders USING btree (order_number);


--
-- Name: stock_movements fk6wgik2k6nhc14phrn1ko7dcsg; Type: FK CONSTRAINT; Schema: public; Owner: marce
--

ALTER TABLE ONLY public.stock_movements
    ADD CONSTRAINT fk6wgik2k6nhc14phrn1ko7dcsg FOREIGN KEY (order_entity_id) REFERENCES public.orders(id);


--
-- Name: stock_reservations fk8sj80j7e89y39l14921fpxi1p; Type: FK CONSTRAINT; Schema: public; Owner: marce
--

ALTER TABLE ONLY public.stock_reservations
    ADD CONSTRAINT fk8sj80j7e89y39l14921fpxi1p FOREIGN KEY (order_entity_id) REFERENCES public.orders(id);


--
-- Name: products fk8so90o4249ddoho1u5jo40a1s; Type: FK CONSTRAINT; Schema: public; Owner: root
--

ALTER TABLE ONLY public.products
    ADD CONSTRAINT fk8so90o4249ddoho1u5jo40a1s FOREIGN KEY (user_entity_id) REFERENCES public.users(id);


--
-- Name: products fk951e06xja0u6kgpeujclwflr0; Type: FK CONSTRAINT; Schema: public; Owner: root
--

ALTER TABLE ONLY public.products
    ADD CONSTRAINT fk951e06xja0u6kgpeujclwflr0 FOREIGN KEY (category_entity_id) REFERENCES public.categories(id);


--
-- Name: product_variants fk9wxesr8y7srlm444byyq9mxvq; Type: FK CONSTRAINT; Schema: public; Owner: marce
--

ALTER TABLE ONLY public.product_variants
    ADD CONSTRAINT fk9wxesr8y7srlm444byyq9mxvq FOREIGN KEY (product_entity_id) REFERENCES public.products(id);


--
-- Name: orders fkbf3y2qx6ygklmr5xvdsvokteo; Type: FK CONSTRAINT; Schema: public; Owner: root
--

ALTER TABLE ONLY public.orders
    ADD CONSTRAINT fkbf3y2qx6ygklmr5xvdsvokteo FOREIGN KEY (user_entity_id) REFERENCES public.users(id);


--
-- Name: order_products fkf7y1i8ilaq7hg00i39p2axl0o; Type: FK CONSTRAINT; Schema: public; Owner: root
--

ALTER TABLE ONLY public.order_products
    ADD CONSTRAINT fkf7y1i8ilaq7hg00i39p2axl0o FOREIGN KEY (order_entity_id) REFERENCES public.orders(id);


--
-- Name: stock_reservations fklfe5lkfaupi7x2fxrg59c029r; Type: FK CONSTRAINT; Schema: public; Owner: marce
--

ALTER TABLE ONLY public.stock_reservations
    ADD CONSTRAINT fklfe5lkfaupi7x2fxrg59c029r FOREIGN KEY (variant_entity_id) REFERENCES public.product_variants(id);


--
-- Name: stock_movements fknmuvbijrbp38ib4jkmqgsylay; Type: FK CONSTRAINT; Schema: public; Owner: marce
--

ALTER TABLE ONLY public.stock_movements
    ADD CONSTRAINT fknmuvbijrbp38ib4jkmqgsylay FOREIGN KEY (variant_entity_id) REFERENCES public.product_variants(id);


--
-- Name: product_images fkqnq71xsohugpqwf3c9gxmsuy; Type: FK CONSTRAINT; Schema: public; Owner: marce
--

ALTER TABLE ONLY public.product_images
    ADD CONSTRAINT fkqnq71xsohugpqwf3c9gxmsuy FOREIGN KEY (product_id) REFERENCES public.products(id);


--
-- Name: shipments fkrnt4wht95lxxplspltrg9681s; Type: FK CONSTRAINT; Schema: public; Owner: marce
--

ALTER TABLE ONLY public.shipments
    ADD CONSTRAINT fkrnt4wht95lxxplspltrg9681s FOREIGN KEY (order_id) REFERENCES public.orders(id);


--
-- PostgreSQL database dump complete
--

\unrestrict g8i48QKes46HlKlhla7cQaUw3qK0wKAV9lAjpYrxZFRyGhNGqvmnlcWmuJKrKMA

